Name,Category,Location,Google Maps Link,Vibe Description,Hidden Search Tags,
XVA Art Hotel Cafe,Cafe,Al Fahidi,http://maps.google.com/?q=XVA+Art+Hotel+Cafe+Dubai,Hidden courtyard with whispering trees and local art. Absolute silence.,#quiet #history #art #peaceful #reading #introvert #hidden,
The Green Planet,Nature,City Walk,http://maps.google.com/?q=The+Green+Planet+Dubai,Tropical rainforest inside a glass cube with birds flying overhead.,#nature #rain #tropical #animals #humid #green #escape #kids,
Alserkal Avenue,Culture,Al Quoz,http://maps.google.com/?q=Alserkal+Avenue+Dubai,Industrial concrete warehouses smelling of fresh paint and coffee.,#industrial #hipster #art #cool #edgy #walking #galleries,
Boston Lane,Cafe,Al Quoz,http://maps.google.com/?q=Boston+Lane+Dubai,Millennial pink secret garden with toasties and filtered sunlight.,#cute #pink #breakfast #date #friends #hidden #cozy #sunny,
Mohammed Bin Rashid Library,Library,Al Jaddaf,http://maps.google.com/?q=Mohammed+Bin+Rashid+Library,A cathedral of silence and new books. Serious focus.,#silence #study #work #books #serious #focus #view #free,
Kite Beach,Beach,Jumeirah,http://maps.google.com/?q=Kite+Beach+Dubai,Windy energetic and salty. Colorful kites and food trucks.,#energy #active #beach #sun #wind #running #social #fun,
Nightjar Coffee,Cafe,Al Quoz,http://maps.google.com/?q=Nightjar+Coffee+Dubai,Dark loud and smells of roasting beans. Vinyl records playing.,#dark #loud #music #work #coffee #roastery #hipster #vibey,
Al Seef Heritage Area,Walking,Dubai Creek,http://maps.google.com/?q=Al+Seef+Heritage+Area,Old world rustic sandstone buildings right on the water.,#romantic #night #walk #water #tradition #rustic #lights #date,
Cinema Akil,Cinema,Al Quoz,http://maps.google.com/?q=Cinema+Akil+Dubai,Red velvet seats and indie movies. Vintage theater feel.,#movie #vintage #dark #cozy #culture #indie #date #night,
Dubai Miracle Garden,Park,Dubailand,http://maps.google.com/?q=Dubai+Miracle+Garden,Explosion of color and floral scents. Alice in Wonderland vibes.,#colorful #flowers #bright #happy #family #photos #tourist,
Tom & Serg,Cafe,Al Quoz,http://maps.google.com/?q=Tom+&+Serg+Dubai,Big open warehouse with clattering plates and loud chatter.,#busy #social #loud #breakfast #warehouse #friends #foodie,
Jameel Arts Centre,Art,Jaddaf Waterfront,http://maps.google.com/?q=Jameel+Arts+Centre,Stark white architecture against blue water. Minimalist breeze.,#minimalist #white #art #peaceful #water #walk #thinking,
Love Vibe Cafe,Cafe,Khalifa City,http://maps.google.com/?q=Love+Vibe+Cafe+Dubai,Neon lights and bright pink decor. Upbeat pop energy.,#party #pink #neon #loud #fun #girls #photos #trendy,
The Farm,Restaurant,Al Barari,http://maps.google.com/?q=The+Farm+Al+Barari,Dense jungle and streams. Luxury tranquility.,#green #luxury #quiet #nature #date #classy #escape #water,
Dubai Public Library (Al Safa),Library,Al Safa,http://maps.google.com/?q=Al+Safa+Art+Design+Library,Modern design with clean lines and respectful hush.,#study #design #art #books #quiet #modern #clean #work,
A4 Space,Co-working,Al Quoz,http://maps.google.com/?q=A4+Space+Dubai,Free sustainable wood-heavy space full of typing freelancers.,#free #work #study #wooden #eco #sustainable #quiet #wifi,
Hatta Dam,Nature,Hatta,http://maps.google.com/?q=Hatta+Dam+Dubai,Turquoise water surrounded by jagged mountains. Rugged silence.,#adventure #mountains #water #kayak #nature #rugged #escape,
Ravi Restaurant,Restaurant,Satwa,http://maps.google.com/?q=Ravi+Restaurant+Satwa,Plastic chairs and fluorescent lights. Chaotic authentic soul.,#authentic #street #food #cheap #busy #loud #culture #local,
Saya Brasserie,Cafe,City Walk,http://maps.google.com/?q=Saya+Brasserie+Dubai,2D black and white sketches with pink flowers. Whimsical.,#whimsical #drawing #flowers #unique #photos #cute #date,
Antique Bazaar,Restaurant,Bur Dubai,http://maps.google.com/?q=Antique+Bazaar+Dubai,Dim lighting and heavy wood. Royal Indian palace feel.,#royal #dark #music #history #indian #fancy #date #atmospheric,
The Sum of Us,Cafe,Trade Centre,http://maps.google.com/?q=The+Sum+of+Us+Dubai,Industrial chic with the smell of sourdough baking.,#bakery #bread #work #casual #breakfast #coffee #smell,
Comptoir 102,Cafe,Jumeirah,http://maps.google.com/?q=Comptoir+102+Dubai,Bamboo furniture and organic smoothies. Boho wellness vibe.,#boho #healthy #organic #green #chill #vegan #quiet #fashion,
Wild & The Moon,Cafe,Al Quoz,http://maps.google.com/?q=Wild+&+The+Moon+Alserkal,Plant-based superfood lab. Clean and energetic.,#vegan #healthy #juice #clean #modern #hipster #energy,
Dubai Opera Garden,Park,Downtown,http://maps.google.com/?q=Dubai+Opera+Garden,Manicured grass with a direct view of Burj Khalifa.,#view #grass #picnic #clean #luxury #downtown #tourist,
Al Mamzar Beach Park,Park,Deira,http://maps.google.com/?q=Al+Mamzar+Beach+Park, sprawling lawns and quiet beaches. old school family vibe.,#family #bbq #beach #grass #huge #quiet #picnic #swimming,
The Courtyard,Culture,Al Quoz,http://maps.google.com/?q=The+Courtyard+Al+Quoz,Leafy hidden lane between buildings. Theater and coffee.,#hidden #green #theater #artsy #quiet #secret #charming,
Coffee Museum,Museum,Al Fahidi,http://maps.google.com/?q=Coffee+Museum+Dubai,Smell of Ethiopian beans and history. Small and cozy.,#coffee #history #smell #cozy #small #learning #culture,
Al Qudra Lakes,Nature,Al Qudra,http://maps.google.com/?q=Al+Qudra+Lakes,Desert sunset with swans and silence. Camping vibe.,#desert #nature #sunset #camping #quiet #water #birds #romantic,
Love Lake,Nature,Al Qudra,http://maps.google.com/?q=Love+Lake+Dubai,Intertwined heart shaped lakes. Cheesy but beautiful.,#romantic #love #walk #sunset #desert #photos #couple,
Last Exit Mad X,Food,Jebel Ali,http://maps.google.com/?q=Last+Exit+Mad+X,Post-apocalyptic food trucks. Rusty metal and war rigs.,#theme #cool #foodtruck #drive #unique #edgy #desert,
Dubai Frame,Sight,Zabeel Park,http://maps.google.com/?q=Dubai+Frame,Golden structure framing the old and new city.,#view #heights #tourist #architecture #gold #park #photo,
Ras Al Khor Sanctuary,Nature,Ras Al Khor,http://maps.google.com/?q=Ras+Al+Khor+Wildlife+Sanctuary,Pink flamingos against a city skyline. Marshland quiet.,#birds #nature #quiet #view #animals #hidden #free,
Museum of the Future,Museum,Trade Centre,http://maps.google.com/?q=Museum+of+the+Future,Silver calligraphy ring. Sci-fi and futuristic optimism.,#future #tech #scifi #architecture #modern #learning #cool,
Global Village,Attraction,Dubailand,http://maps.google.com/?q=Global+Village+Dubai,Chaos of cultures smells and lights. World fair energy.,#busy #shopping #food #culture #loud #family #night,
The Pointe,Walking,Palm Jumeirah,http://maps.google.com/?q=The+Pointe+Palm+Jumeirah,Breezy promenade with fountain shows and Atlantis view.,#view #water #fountain #night #walk #date #luxury,
Dubai Creek Harbour,Walking,Ras Al Khor,http://maps.google.com/?q=Dubai+Creek+Harbour,Best sunset skyline view. Modern and windy.,#sunset #view #skyline #modern #walk #photos #water,
Bluewaters Island,Walking,Marina,http://maps.google.com/?q=Bluewaters+Island,Clean white architecture and giant wheel. Futuristic resort.,#modern #clean #luxury #walk #view #wheel #date,
City Walk,Walking,Al Wasl,http://maps.google.com/?q=City+Walk+Dubai,European street style with graffiti art. posh and open.,#shopping #art #graffiti #posh #walk #outdoor #modern,
La Mer (North),Beach,Jumeirah,http://maps.google.com/?q=La+Mer+Dubai,Rusty wood and surf vibes. Laid back and colorful.,#beach #surf #colorful #fun #family #food #casual,
Etihad Museum,Museum,Jumeirah,http://maps.google.com/?q=Etihad+Museum,White curved paper architecture. History and pride.,#history #museum #modern #learning #quiet #culture #architecture,
Al Shindagha Museum,Museum,Creek,http://maps.google.com/?q=Al+Shindagha+Museum,Perfume house smelling of oud. Traditional coral walls.,#history #smell #culture #tradition #learning #museum #creek,
Souk Madinat Jumeirah,Shopping,Jumeirah,http://maps.google.com/?q=Souk+Madinat+Jumeirah,Indoor bazaar with canals. Dark wood and lantern light.,#shopping #tourist #view #burjalarab #romantic #indoor,
Deep Dive Dubai,Activity,Nad Al Sheba,http://maps.google.com/?q=Deep+Dive+Dubai,Sunken city underwater. Eerie and adventurous.,#adventure #water #diving #unique #expensive #thrill #sport,
Ski Dubai,Activity,Mall of Emirates,http://maps.google.com/?q=Ski+Dubai,Freezing cold snow in a desert mall. Winter jacket vibe.,#cold #snow #winter #fun #kids #unique #active,
AYA Universe,Art,Wafi City,http://maps.google.com/?q=AYA+Universe+Dubai, immersive light and sound trips. Avatar vibes.,#lights #trippy #art #immersive #photos #dark #modern,
Theatre of Digital Art,Art,Souk Madinat,http://maps.google.com/?q=Theatre+of+Digital+Art,360 degree paintings surrounding you. Classical music.,#art #music #relaxing #immersive #indoor #culture #dark,
Foundry,Art,Downtown,http://maps.google.com/?q=Foundry+Downtown+Dubai,Metal and concrete art space. Very modern and quiet.,#art #modern #gallery #quiet #hidden #cool #free,
Tania's Teahouse,Cafe,Jumeirah,http://maps.google.com/?q=Tania's+Teahouse,Pastel pink and puns. Very girly and sweet.,#cute #pink #girls #sweet #tea #cake #instagram,
Forever Rose Cafe,Cafe,Boxpark,http://maps.google.com/?q=Forever+Rose+Cafe,2D black and white illustration world. Storybook feel.,#unique #art #drawing #cafe #photos #theme #whimsical,
Sketch Art Cafe,Cafe,Jumeirah,http://maps.google.com/?q=Sketch+Art+Cafe,Paper cups you can draw on. Creative and messy.,#art #drawing #kids #creative #fun #coffee #interactive,
Charade,Cafe,Wasl 51,http://maps.google.com/?q=Charade+Dubai,Board games and burgers. Geeky and social.,#games #fun #friends #burgers #casual #social #indoor,
Unwind Cafe,Cafe,Hessa St,http://maps.google.com/?q=Unwind+Specialty+Boardgame+Cafe,3000 board games and sandwiches. Competitive fun.,#games #family #friends #fun #indoor #activity #coffee,
PDL,Cafe,Al Safa,http://maps.google.com/?q=PDL+Dubai,Cycling theme and barbershop. Masculine and sporty.,#sport #cycling #coffee #grooming #modern #cool #guys,
Biker's Cafe,Cafe,Jumeirah,http://maps.google.com/?q=Biker's+Cafe+Dubai,Motorcycles parked outside. Hearty breakfast and leather.,#bikes #breakfast #hearty #casual #loud #community #outdoor,
Drop,Cafe,Dar Wasl,http://maps.google.com/?q=Drop+Coffee+Dubai,Glass walls and serious baristas. Minimalist perfection.,#coffee #minimalist #glass #modern #serious #work #clean,
Alchemy,Cafe,Al Wasl,http://maps.google.com/?q=Alchemy+Coffee+Dubai,Home brewing lab inside a villa. Scientific coffee.,#coffee #quiet #villa #pool #hidden #modern #brew,
Stomping Grounds,Cafe,Jumeirah,http://maps.google.com/?q=Stomping+Grounds+Dubai,Rustic wood and buzzing energy. Great breakfast.,#breakfast #busy #rustic #coffee #foodie #social #popular,
Brunch & Cake,Cafe,Wasl 51,http://maps.google.com/?q=Brunch+&+Cake+Dubai,Grandmother chic with massive portions. Sunny and loud.,#foodie #big #sunny #decor #friends #brunch #busy,
Cassette,Cafe,Al Quoz,http://maps.google.com/?q=Cassette+Dubai,Mint green and old music tapes. tucked away.,#music #retro #hidden #cool #lunch #coffee #chill,
Kulture House,Cafe,Jumeirah,http://maps.google.com/?q=Kulture+House+Dubai,Mix of colorful patterns and pop up shop. eclectic.,#colorful #shopping #art #design #eclectic #coffee #villa,
Seva Table,Cafe,Jumeirah,http://maps.google.com/?q=Seva+Table+Dubai,Garden yoga vibes with mantra music. Spiritual.,#yoga #vegan #green #spiritual #quiet #garden #relax,
1004 Gourmet,Shop,The Onyx,http://maps.google.com/?q=1004+Gourmet,Asian specialty market. Smells of kimchi and noodles.,#shopping #food #asian #market #cooking #hidden #unique,
Kinokuniya,Shop,Dubai Mall,http://maps.google.com/?q=Kinokuniya+Dubai+Mall,Massive book maze. Smell of paper and endless shelves.,#books #shopping #quiet #huge #indoor #browsing #cool,
Dubai Garden Glow,Park,Zabeel Park,http://maps.google.com/?q=Dubai+Garden+Glow,Neon dinosaurs and glowing flowers. Trippy night walk.,#lights #night #kids #fun #colorful #walk #neon,
Mushrif Park,Park,Mirdif,http://maps.google.com/?q=Mushrif+Park,Ghaf tree forest with mini houses. Natural and dusty.,#nature #forest #bbq #family #kids #cycling #huge,
Zabeel Park,Park,Za'abeel,http://maps.google.com/?q=Zabeel+Park,Technology park with flea markets. Big lawns.,#park #green #market #family #walking #picnic #central,
Creek Park,Park,Bur Dubai,http://maps.google.com/?q=Creek+Park+Dubai,Cable cars and water edge. Old dubai nostalgia.,#park #water #family #picnic #view #cablecar #grass,
Safa Park,Park,Al Safa,http://maps.google.com/?q=Safa+Park,Canal views and secret gardens. Runners favorite.,#running #green #park #canal #view #picnic #quiet,
JLT Park,Park,JLT,http://maps.google.com/?q=JLT+Park,Skyscrapers surrounding a green patch. Dog friendly.,#dogs #city #view #grass #community #walk #evening,
Barsha Pond Park,Park,Al Barsha,http://maps.google.com/?q=Barsha+Pond+Park,Giant pond with swan boats. Community exercise.,#exercise #pond #boats #family #evening #walk #calm,
Al Ittihad Park,Park,Palm Jumeirah,http://maps.google.com/?q=Al+Ittihad+Park,Jogging track under monorail. Native plants.,#running #green #palm #quiet #nature #exercise #walk,
Dubai Design District (d3),Area,d3,http://maps.google.com/?q=Dubai+Design+District,Sleek angles and well dressed people. Creative business.,#design #fashion #modern #architecture #cool #business #art,
Riverland,Walking,Parks & Resorts,http://maps.google.com/?q=Riverland+Dubai,Fake french village with a river. Theme park entrance.,#theme #walk #river #family #kids #photos #fake,
Outlet Village,Shopping,Jebel Ali,http://maps.google.com/?q=The+Outlet+Village,Tuscan stone architecture indoors. Discount hunting.,#shopping #indoor #architecture #stone #bargain #quiet #mall,
Mercato Mall,Shopping,Jumeirah,http://maps.google.com/?q=Mercato+Shopping+Mall,Renaissance Italy style with balconies. Charming and small.,#mall #architecture #italian #shopping #indoor #cozy #cinema,
Ibn Battuta Mall,Shopping,Jebel Ali,http://maps.google.com/?q=Ibn+Battuta+Mall,Themed courts from China to Egypt. Giant elephant clock.,#mall #theme #history #travel #shopping #kids #huge,
Dragon Mart,Shopping,International City,http://maps.google.com/?q=Dragon+Mart,Endless maze of cheap goods. Chaotic and overwhelming.,#shopping #cheap #huge #chaos #market #china #bargain,
Wafi City,Shopping,Oud Metha,http://maps.google.com/?q=Wafi+City,Ancient Egypt pyramids and statues. Quiet luxury.,#egypt #theme #quiet #mall #luxury #architecture #unique,
Gold Souk,Market,Deira,http://maps.google.com/?q=Dubai+Gold+Souk,Blinding yellow gold displays. Haggling and tourists.,#gold #market #traditional #tourist #shiny #history #busy,
Spice Souk,Market,Deira,http://maps.google.com/?q=Dubai+Spice+Souk,Smell of saffron and turmeric. Narrow alleys.,#smell #spice #market #traditional #colors #tourist #walk,
Textile Souk,Market,Bur Dubai,http://maps.google.com/?q=Textile+Souk+Dubai,Fabrics draped everywhere. Wooden roof and abra ride.,#fabric #market #traditional #creek #walk #shopping #culture,
Waterfront Market,Market,Deira,http://maps.google.com/?q=Waterfront+Market+Dubai,Clean fish market smell. Fresh sea breeze and haggling.,#market #fish #fresh #food #shopping #local #clean,
Ripe Market,Market,Academy Park,http://maps.google.com/?q=Ripe+Market+Dubai,Outdoor craft stalls and food trucks. Weekend community.,#market #outdoor #crafts #food #family #weekend #social,
Pier 7,Dining,Marina,http://maps.google.com/?q=Pier+7+Dubai+Marina,Tower of restaurants with marina view. Nightlife central.,#night #view #dinner #party #luxury #marina #drinks,
Time Out Market,Dining,Souk Al Bahar,http://maps.google.com/?q=Time+Out+Market+Dubai,Fancy food court with alcohol. Buzzing and communal.,#food #social #busy #indoor #variety #modern #tourist,
Depachika,Dining,Nakheel Mall,http://maps.google.com/?q=Depachika+Food+Hall,Gourmet food hall. Fancy cheese and expensive snacks.,#food #gourmet #fancy #indoor #lunch #quiet #shopping,
Pavilion at The Beach,Dining,JBR,http://maps.google.com/?q=The+Pavilion+JBR,Glasshouse dining with AC on the beach.,#beach #view #luxury #ac #food #date #modern,
Club Vista Mare,Dining,Palm Jumeirah,http://maps.google.com/?q=Club+Vista+Mare,Restaurants directly on the sand. Holiday vibes.,#beach #food #outdoor #alcohol #holiday #view #relax,
West Beach,Walking,Palm Jumeirah,http://maps.google.com/?q=West+Beach+Palm+Jumeirah,Boardwalk with beach clubs. Sunset pets and drinks.,#beach #sunset #walk #dogs #bars #modern #social,
Bla Bla,Beach Club,JBR,http://maps.google.com/?q=Bla+Bla+Dubai,Pool parties and many bars. Loud adult fun.,#party #pool #alcohol #loud #adults #beach #social,
Drift Beach,Beach Club,Marina,http://maps.google.com/?q=Drift+Beach+Dubai,Chic white umbrellas and infinity pool. Expensive relax.,#luxury #pool #beach #relax #expensive #quiet #classy,
Nikki Beach,Beach Club,Pearl Jumeirah,http://maps.google.com/?q=Nikki+Beach+Dubai,All white decor and house music. Glamorous party.,#party #white #music #beach #luxury #glam #social,
Aura Skypool,Pool,Palm Tower,http://maps.google.com/?q=Aura+Skypool,360 degree infinity pool high up. Unbeatable view.,#view #pool #luxury #high #skyline #expensive #date,
Address Sky View,Pool,Downtown,http://maps.google.com/?q=Address+Sky+View,Glass slide and pool bridge. Vertigo and luxury.,#view #pool #high #luxury #hotel #modern #downtown,
Bab Al Shams,Hotel,Desert,http://maps.google.com/?q=Bab+Al+Shams,Fortress in the dunes. Fire pits and starry nights.,#desert #luxury #escape #quiet #stars #romantic #pool,
Al Maha Resort,Hotel,Desert,http://maps.google.com/?q=Al+Maha+Resort,Private pools with gazelles walking by. Ultimate silence.,#desert #nature #animals #luxury #expensive #quiet #private,
One&Only The Palm,Hotel,Palm Jumeirah,http://maps.google.com/?q=One&Only+The+Palm,Andalusian architecture and seclusion. Very private.,#luxury #quiet #private #beach #romantic #architecture #spa,
Bulgari Resort,Hotel,Jumeirah Bay,http://maps.google.com/?q=Bulgari+Resort+Dubai,Italian luxury on a seahorse island. Yacht club feel.,#luxury #yacht #exclusive #design #quiet #sea #expensive,
Hatta Wadi Hub,Activity,Hatta,http://maps.google.com/?q=Hatta+Wadi+Hub,Axe throwing and zorbing. Mountain adventure centre.,#adventure #mountains #active #kids #fun #outdoor #sport,
Topgolf,Activity,Emirates Golf Club,http://maps.google.com/?q=Topgolf+Dubai,Neon targets and drinks. Social golf party.,#sport #fun #group #party #night #food #view,
Brass Monkey,Activity,Bluewaters,http://maps.google.com/?q=Brass+Monkey+Dubai,Bowling and arcade games for adults. Retro neon.,#games #bowling #arcade #adults #bar #fun #indoor,
Wavehouse,Activity,Atlantis,http://maps.google.com/?q=Wavehouse+Dubai,Surf machine and bowling. Family entertainment noise.,#family #kids #fun #loud #arcade #food #hotel,
RollDXB,Activity,Mina Rashid,http://maps.google.com/?q=RollDXB,Roller skating disco. 80s music and wheels.,#skating #retro #music #fun #active #indoor #party,
Smash Room,Activity,Al Quoz,http://maps.google.com/?q=The+Smash+Room,Breaking electronics with a hammer. Stress relief.,#anger #fun #unique #active #loud #stress #friends,
Bounce,Activity,Al Quoz,http://maps.google.com/?q=Bounce+Dubai,Trampoline park. Jumping and sweating.,#active #kids #fun #jump #indoor #exercise #sport,
Air Maniax,Activity,Al Quoz,http://maps.google.com/?q=Air+Maniax,Inflatable obstacle course. Wipeout style fun.,#active #kids #fun #indoor #challenge #family #sport,
Adventure HQ,Activity,Times Square,http://maps.google.com/?q=Adventure+Zone,Climbing wall inside a mall. Safe adventure.,#climbing #kids #active #indoor #sport #fun #mall,
Dubai Ice Rink,Activity,Dubai Mall,http://maps.google.com/?q=Dubai+Ice+Rink,Olympic sized ice. Skating while shoppers watch.,#cold #skating #indoor #mall #kids #fun #active,
Ekart Zabeel,Activity,Dubai Mall,http://maps.google.com/?q=Ekart+Zabeel,Electric go karts on a roof. Speed and drift.,#speed #karting #fun #view #outdoor #race #kids,
XLine Marina,Activity,Marina Mall,http://maps.google.com/?q=XLine+Dubai+Marina,Zipline through skyscrapers. Terrifying speed.,#thrill #view #heights #adventure #scary #unique #outdoor,
Skydive Dubai,Activity,Marina,http://maps.google.com/?q=Skydive+Dubai,Freefall over the Palm. Ultimate bucket list.,#thrill #sky #view #scary #adventure #expensive #once,
Balloon Adventures,Activity,Desert,http://maps.google.com/?q=Balloon+Adventures+Dubai,Hot air balloon at sunrise. Falcons and silence.,#sky #sunrise #desert #quiet #view #romantic #nature,
Hero Odysea,Activity,Marina,http://maps.google.com/?q=Hero+Odysea+Dubai,Self drive boat tour. Captain your own vessel.,#boat #sea #adventure #fun #view #outdoor #tourist,
Yellow Boats,Activity,Marina,http://maps.google.com/?q=The+Yellow+Boats,Fast rigid inflatable boat tour. Bumpy and splashy.,#boat #speed #sea #tourist #view #fun #group,
Abra Ride,Transport,Creek,http://maps.google.com/?q=Dubai+Abra+Station,1 dirham wooden boat ride. Authentic and breezy.,#cheap #history #water #boat #view #culture #short,
Palm Monorail,Transport,Palm Jumeirah,http://maps.google.com/?q=Palm+Monorail,Elevated train ride down the palm trunk. scenic.,#view #train #transport #slow #scenic #tourist #ac,
Dubai Ferry,Transport,Marina to Creek,http://maps.google.com/?q=Dubai+Ferry,Slow cruise along the coast. Cheap sightseeing.,#boat #sea #view #relax #transport #cheap #ac,
Boardwalk,Restaurant,Dubai Creek Golf,http://maps.google.com/?q=Boardwalk+Dubai,Wooden deck over the creek. Yacht views and sunset.,#view #water #sunset #date #food #quiet #romantic,
101 Dining Lounge,Restaurant,One&Only Palm,http://maps.google.com/?q=101+Dining+Lounge,Overwater lounge. Boat access and skyline view.,#luxury #view #romantic #sea #date #fancy #lounge,
Jetty Lounge,Bar,One&Only Mirage,http://maps.google.com/?q=Jetty+Lounge+Dubai,Sand under feet and chill house music. Classy beach.,#beach #drinks #sunset #chill #music #classy #date,
Fish Beach Taverna,Restaurant,Mina Seyahi,http://maps.google.com/?q=Fish+Beach+Taverna,Blue and white greek style. Fairy lights on sand.,#greek #romantic #beach #food #outdoor #lights #date,
Shimmers,Restaurant,Madinat Jumeirah,http://maps.google.com/?q=Shimmers+Dubai,Right under Burj Al Arab. Greek food and beach.,#view #beach #luxury #food #date #romantic #tourist,
Folly,Restaurant,Souk Madinat,http://maps.google.com/?q=Folly+Dubai,Rooftop maze with canal views. Great cocktails.,#view #rooftop #drinks #date #night #fancy #outdoor,
CÃ© La Vi,Restaurant,Address Sky View,http://maps.google.com/?q=Ce+La+Vi+Dubai,Swing frame with Burj Khalifa background. Party dining.,#view #high #party #luxury #photo #date #fancy,
At.mosphere,Restaurant,Burj Khalifa,http://maps.google.com/?q=Atmosphere+Burj+Khalifa,Highest restaurant in the world. Clouds and tea.,#high #view #luxury #expensive #tea #tourist #fancy,
The View at The Palm,Sight,Palm Tower,http://maps.google.com/?q=The+View+at+The+Palm,Observation deck. Palm looks like a map from here.,#view #high #tourist #photo #indoor #ac #educational,
Sky Views Observatory,Sight,Address Sky View,http://maps.google.com/?q=Sky+Views+Observatory,Glass walk and slide. Adrenaline view.,#view #high #thrill #tourist #photo #fun #glass,
Dubai Fountain,Sight,Downtown,http://maps.google.com/?q=The+Dubai+Fountain,Dancing water and music. Crowded but magical.,#show #water #music #night #free #tourist #crowd,
Imagine Show,Sight,Festival City,http://maps.google.com/?q=Imagine+Dubai+Festival+City,Lasers and fire on water. Big mall entertainment.,#show #lights #fire #night #free #mall #kids,
La Perle,Show,Al Habtoor City,http://maps.google.com/?q=La+Perle+by+Dragone,Acrobatics and water stage. Cirque du Soleil style.,#show #theater #art #water #indoor #tourist #night,
Al Habtoor Polo Resort,Hotel,Dubailand,http://maps.google.com/?q=Al+Habtoor+Polo+Resort,Horses and green fields. posh picnic vibe.,#horses #green #posh #picnic #brunch #outdoor #classy,
Dubai Autodrome,Activity,Motor City,http://maps.google.com/?q=Dubai+Autodrome,Race track noise and petrol smell. Fast cars.,#cars #speed #noise #race #outdoor #sport #unique,
Coca-Cola Arena,Venue,City Walk,http://maps.google.com/?q=Coca-Cola+Arena,Massive indoor concerts. Loud music and lights.,#music #concert #crowd #indoor #event #night #loud,
Dubai Opera,Venue,Downtown,http://maps.google.com/?q=Dubai+Opera,Dhow shaped theater. Classical and musicals.,#theater #music #classy #indoor #culture #dressup #art,
Jameel Art Centre Park,Park,Jaddaf,http://maps.google.com/?q=Jaddaf+Waterfront+Sculpture+Park,Sculptures by the creek. Quiet walk.,#art #park #quiet #walk #view #water #modern,
Quranic Park,Park,Al Khawaneej,http://maps.google.com/?q=Quranic+Park,Educational gardens and glass house. Peaceful.,#family #learning #garden #flowers #peaceful #culture #walk,
Dubai Safari Park,Zoo,Al Warqa,http://maps.google.com/?q=Dubai+Safari+Park,Open bus tours to see lions. Hot and vast.,#animals #zoo #family #kids #outdoor #huge #learning,
Crocodile Park,Zoo,Mushrif,http://maps.google.com/?q=Dubai+Crocodile+Park,Hundreds of crocodiles. Swampy and educational.,#animals #reptiles #kids #learning #unique #nature #park,
Dolphin Bay,Activity,Atlantis,http://maps.google.com/?q=Dolphin+Bay+Atlantis,Swimming with dolphins. Wet and expensive.,#animals #water #swim #kids #expensive #unique #photo,
Penguin Cove,Activity,Ski Dubai,http://maps.google.com/?q=Snow+Penguins+Ski+Dubai,Meeting penguins in the snow. Cute and cold.,#animals #cold #snow #kids #cute #indoor #unique,
Turtle Rehabilitation,Nature,Jumeirah Al Naseem,http://maps.google.com/?q=Dubai+Turtle+Rehabilitation,Lagoon with rescued turtles. Educational feeding.,#animals #nature #sea #kids #free #learning #hotel,
Ras Al Khor Hides,Nature,Ras Al Khor,http://maps.google.com/?q=Ras+Al+Khor+Flamingo+Hide,Wooden huts to spy on flamingos. Binoculars.,#birds #nature #quiet #hidden #view #free #wildlife,
Emirates Bio Farm,Nature,Al Ain Road,http://maps.google.com/?q=Emirates+Bio+Farm,Organic vegetables in the desert. Tractor rides.,#farm #organic #food #nature #kids #learning #green,
Hatta Honey Bee Centre,Nature,Hatta,http://maps.google.com/?q=Hatta+Honey+Bee+Discovery+Centre,Bee suits and honey tasting. Yellow and buzzing.,#nature #food #learning #kids #insects #unique #mountains,
Al Marmoom Reserve,Nature,Al Qudra,http://maps.google.com/?q=Al+Marmoom+Desert+Conservation+Reserve,Oryx and gazelles roaming free. Vast sand.,#desert #animals #nature #drive #safari #quiet #photo,
Jebel Jais (Day Trip),Nature,Ras Al Khaimah,http://maps.google.com/?q=Jebel+Jais,Highest peak road. Cold wind and rocky views.,#mountains #drive #view #cold #adventure #roadtrip #nature,
Fossil Rock,Nature,Sharjah Border,http://maps.google.com/?q=Fossil+Rock,Red sand and ancient fossils. Dune bashing.,#desert #history #fossils #adventure #drive #sand #nature,
Big Red (Al Badayer),Nature,Hatta Road,http://maps.google.com/?q=Big+Red+Sand+Dune,Massive red dune. Quad bikes and noise.,#desert #sand #quad #active #loud #adventure #view,
Half Desert Road,Hidden,Dubai,http://maps.google.com/?q=Half+Desert+Road,Road half covered by sand. Post apocalyptic photo.,#photo #desert #unique #hidden #sand #road #cool,
Ghost Village,Hidden,Al Madam,http://maps.google.com/?q=Al+Madam+Ghost+Village,Abandoned houses filled with sand. Eerie.,#creepy #hidden #desert #photo #history #unique #sand,
Expo City,Walking,Dubai South,http://maps.google.com/?q=Expo+City+Dubai,Futuristic ghost town turned city. Surreal architecture.,#future #walk #architecture #quiet #huge #modern #tech,
Surreal Water Feature,Sight,Expo City,http://maps.google.com/?q=Surreal+Water+Feature,Water defying gravity on walls. Loud and misty.,#water #art #cool #kids #fun #unique #photo,
Al Wasl Plaza,Sight,Expo City,http://maps.google.com/?q=Al+Wasl+Plaza,Giant dome projection mapping. Immersive at night.,#lights #show #architecture #dome #night #impressive #art,
Garden in the Sky,Sight,Expo City,http://maps.google.com/?q=Garden+in+the+Sky,Rotating observation tower. Green and high.,#view #ride #green #high #slow #relax #modern,
Padelx,Sport,JLT,http://maps.google.com/?q=Padelx+Floating+Club,Floating padel court on a lake. Trendy sport.,#sport #padel #active #water #unique #trendy #group,
Danube Sports World,Sport,Habtoor City,http://maps.google.com/?q=Danube+Sports+World,Massive indoor sports dome. Football and padel.,#sport #indoor #active #football #group #ac #huge,
Hamdan Sports Complex,Pool,Emirates Rd,http://maps.google.com/?q=Hamdan+Sports+Complex,Olympic swimming pools. Echoey and blue.,#swim #sport #indoor #huge #pool #active #exercise,
Kite Beach Gym,Sport,Kite Beach,http://maps.google.com/?q=Muscle+Beach+Dubai,Outdoor weights on the sand. Muscle beach vibe.,#gym #outdoor #beach #active #muscles #sun #free,
Skate Park,Sport,Kite Beach,http://maps.google.com/?q=XDubai+Skatepark,Concrete bowls and skaters. Gritty and cool.,#skate #active #cool #youth #outdoor #sport #watch,
Al Qudra Cycle Track,Sport,Al Qudra,http://maps.google.com/?q=Al+Qudra+Cycle+Track,80km bike path in dunes. Endurance and sunrise.,#cycling #desert #active #long #sunrise #sport #road,
Nad Al Sheba Track,Sport,Meydan,http://maps.google.com/?q=Nad+Al+Sheba+Cycle+Park,Night cycling with city view. Safe and lit.,#cycling #night #view #active #safe #track #running,
Meydan Racecourse,Venue,Meydan,http://maps.google.com/?q=Meydan+Racecourse,Horse racing and grandstand. Huge and green.,#horses #race #event #huge #green #outdoor #rich,
Dubai Harbour,Walking,Marina,http://maps.google.com/?q=Dubai+Harbour,Cruise terminal and superyachts. Clean and white.,#yacht #walk #view #sea #luxury #modern #clean,
Marsa Al Arab,Sight,Jumeirah,http://maps.google.com/?q=Marsa+Al+Arab,Superyacht shaped hotel. Iconic architecture.,#hotel #architecture #luxury #view #future #icon #photo,
Jumeirah Mosque,Culture,Jumeirah,http://maps.google.com/?q=Jumeirah+Mosque,White stone minarets. Open to non-muslims.,#culture #history #mosque #learning #beautiful #peaceful #tourist,
Gurunanak Darbar,Culture,Jebel Ali,http://maps.google.com/?q=Gurunanak+Darbar+Sikh+Temple,Sikh temple with free community kitchen. Welcoming.,#culture #temple #peaceful #community #food #welcoming #quiet,
Hindu Temple,Culture,Jebel Ali,http://maps.google.com/?q=Hindu+Temple+Dubai,New ornate architecture. Incense and bells.,#culture #temple #architecture #peaceful #spiritual #new #art,
St Marys Church,Culture,Oud Metha,http://maps.google.com/?q=St.+Mary's+Catholic+Church,Busy community church. Diverse and history.,#culture #church #community #busy #history #peaceful #old,
Iranian Mosque,Culture,Satwa,http://maps.google.com/?q=Iranian+Mosque+Satwa,Intricate blue tiles. Persian architecture.,#culture #mosque #art #blue #architecture #beautiful #hidden,
Al Farooq Mosque,Culture,Al Safa,http://maps.google.com/?q=Al+Farooq+Omar+Bin+Al+Khattab+Mosque,Blue Mosque replica. Grand and tall.,#culture #mosque #architecture #grand #beautiful #peaceful #huge,
Design District Basketball,Sport,d3,http://maps.google.com/?q=d3+Basketball+Court,Colorful court designed by artists. Urban cool.,#sport #art #cool #basketball #urban #design #outdoor,
The Block,Park,d3,http://maps.google.com/?q=The+Block+d3,Urban park with skate ramps. Concrete and sand.,#park #skate #urban #cool #river #design #hangout,
Dubai Creek Golf,Sport,Deira,http://maps.google.com/?q=Dubai+Creek+Golf+&+Yacht+Club,Green grass by the water. Iconic clubhouse.,#golf #green #luxury #water #sport #quiet #classy,
Emirates Golf Club,Sport,Emirates Hills,http://maps.google.com/?q=Emirates+Golf+Club,Majlis course with skyline background. Historic.,#golf #green #luxury #view #sport #history #classy,
Topgolf,Activity,Emirates Golf Club,http://maps.google.com/?q=Topgolf+Dubai,Neon targets and drinks. Social golf party.,#sport #fun #group #party #night #food #view,
Phileas Fogg,Pub,Emirates Hills,http://maps.google.com/?q=Phileas+Fogg's,Massive outdoor pub garden. Golf views and sports.,#pub #garden #social #food #alcohol #view #casual,
Reform Social,Pub,The Lakes,http://maps.google.com/?q=Reform+Social+&+Grill,British gastropub with grass. Family friendly.,#pub #british #family #garden #food #casual #green,
Irish Village,Pub,Garhoud,http://maps.google.com/?q=The+Irish+Village,Wooden deck and ducks. Old Dubai institution.,#pub #history #outdoor #garden #social #beer #casual,
Fibber Magee's,Pub,Trade Centre,http://maps.google.com/?q=Fibber+Magee's,Tiny hidden irish pub. Live folk music.,#pub #hidden #music #cozy #authentic #small #fun,
Lock Stock & Barrel,Bar,Barsha Heights,http://maps.google.com/?q=Lock,+Stock+&+Barrel,Live rock bands and industrial warehouse. Loud.,#party #music #rock #loud #bar #night #busy
Soho Garden,Club,Meydan,http://maps.google.com/?q=Soho+Garden+Meydan,Superclub with techno DJs. Late night party.,#club #party #music #dance #late #night #fashion,
Bla Bla,Beach Club,JBR,http://maps.google.com/?q=Bla+Bla+Dubai,Pool parties and many bars. Loud adult fun.,#party #pool #alcohol #loud #adults #beach #social,
Five Palm Pool,Pool,Palm Jumeirah,http://maps.google.com/?q=Five+Palm+Jumeirah,Influencer central. Party and showing off.,#party #pool #loud #young #hotel #music #social,
Barasti,Beach Bar,Marina,http://maps.google.com/?q=Barasti+Beach,Free entry beach bar. Sports on screens.,#beach #party #free #casual #sports #loud #fun,
Zero Gravity,Beach Club,Marina,http://maps.google.com/?q=Zero+Gravity+Dubai,Glass pool and skydivers landing. Day to night.,#pool #party #beach #music #view #fun #loud,
Azure Beach,Beach Club,JBR,http://maps.google.com/?q=Azure+Beach,Pool by the sea. Chill house music.,#pool #beach #relax #music #hotel #luxury #cool,
Twiggy by La Cantine,Beach Club,Creek,http://maps.google.com/?q=Twiggy+by+La+Cantine,Sand lagoon infinity pool. Very chic Riviera.,#luxury #pool #chic #sand #fashion #food #view,
Sal,Beach Club,Burj Al Arab,http://maps.google.com/?q=Sal+Burj+Al+Arab,Infinity pool at the Burj. Ultimate luxury.,#luxury #pool #icon #expensive #exclusive #view #fashion,
Summersalt,Beach Club,Jumeirah Al Naseem,http://maps.google.com/?q=Summersalt+Beach+Club,Quiet luxury beach club. Burj Al Arab view.,#luxury #beach #quiet #view #relax #exclusive #food,
Koko Bay,Restaurant,West Beach,http://maps.google.com/?q=Koko+Bay,Bali vibes on the palm. Wicker chairs and sunset.,#bali #beach #sunset #food #boho #relax #date,
Feb-30,Beach Club,West Beach,http://maps.google.com/?q=February+30+Dubai,Beirut beach vibes. Red umbrellas and music.,#beach #party #music #food #social #fun #lively,
Jones the Grocer,Cafe,Emirates Golf Club,http://maps.google.com/?q=Jones+the+Grocer+Emirates+Golf,Cheese room and golf views. Family breakfast.,#food #family #cheese #view #breakfast #casual #grocery,
Lime Tree Cafe,Cafe,Jumeirah,http://maps.google.com/?q=The+Lime+Tree+Cafe,Carrot cake and homey vibes. Dubai classic.,#cake #cafe #homey #casual #food #breakfast #classic,
Arabian Tea House,Cafe,Al Fahidi,http://maps.google.com/?q=Arabian+Tea+House,Turquoise benches and white drapes. Emirati hospitality.,#culture #tea #breakfast #beautiful #courtyard #local #photo,
Al Ustad Special Kabab,Restaurant,Bur Dubai,http://maps.google.com/?q=Al+Ustad+Special+Kabab,Walls covered in photos. Legendary kebabs.,#food #history #meat #cheap #local #famous #casual,
Bu Qtair,Restaurant,Umm Suqeim,http://maps.google.com/?q=Bu+Qtair+Fish+Restaurant,Plastic stools by the harbor. Fried fish.,#fish #local #cheap #outdoor #casual #authentic #famous,
Mama'esh,Restaurant,Al Manara,http://maps.google.com/?q=Mama'esh+Al+Manara,Palestinian street food. Stone oven and free tea.,#food #authentic #cheap #cozy #bread #family #local,
3 Fils,Restaurant,Jumeirah Fishing Harbour,http://maps.google.com/?q=3+Fils,No reservations asian food. Harbor view.,#food #award #view #casual #sushi #harbor #cool,
Orfali Bros,Restaurant,Wasl 51,http://maps.google.com/?q=Orfali+Bros+Bistro,Syrian modern fusion. Open kitchen theater.,#food #award #modern #chef #unique #tasty #cool,
Moon Slice,Restaurant,Dar Wasl,http://maps.google.com/?q=Moon+Slice+Pizza,Artisan pizza in a small space. Hipster vibes.,#pizza #food #small #cool #hipster #tasty #casual,
Pickl,Restaurant,JLT,http://maps.google.com/?q=Pickl+JLT,Fried chicken and smash burgers. Loud and tasty.,#burger #fast #food #casual #loud #tasty #cool,
Salt,Restaurant,Kite Beach,http://maps.google.com/?q=Salt+Kite+Beach,Silver airstream food truck. Sliders on the sand.,#burger #beach #outdoor #popular #casual #sand #night,
Home Bakery,Cafe,Galleria Mall,http://maps.google.com/?q=Home+Bakery,Chewy cookies and milk cake. Local favorite.,#cake #sweet #dessert #local #coffee #treat #popular,
Gossip Cafe,Cafe,Boxpark,http://maps.google.com/?q=Gossip+Cafe+&+Desserts,Emirati fusion desserts. Fancy and modern.,#sweet #local #modern #fancy #cafe #dessert #fashion,
Vibe Cafe,Cafe,Al Wasl,http://maps.google.com/?q=Vibe+Cafe+DIFC,Healthy food that looks like a party. Pink and green.,#healthy #fun #colorful #photo #lunch #modern #vibey,
Comptoir 102,Cafe,Jumeirah,http://maps.google.com/?q=Comptoir+102,Organic cafe and concept store. Boho chic.,#organic #healthy #shopping #boho #quiet #green #unique,
Bounty Beets,Cafe,Mina Seyahi,http://maps.google.com/?q=Bounty+Beets,Pink walls and dog friendly garden. Vegan options.,#vegan #pink #garden #dogs #healthy #breakfast #cute,
Common Grounds,Cafe,MOE,http://maps.google.com/?q=Common+Grounds+MOE,Mall break with great coffee. Busy and bright.,#coffee #mall #breakfast #busy #modern #food #family,
The Grey,Cafe,Al Wasl,http://maps.google.com/?q=The+Grey,Dark grey minimalist design. Very serious cool.,#design #minimalist #cool #coffee #dark #modern #fashion,
Orijins,Cafe,DIFC,http://maps.google.com/?q=Orijins+Coffee,Plaster walls and organic shapes. Architectural coffee.,#design #coffee #architecture #modern #cool #quiet #fancy,
